date,atlfed_as_of,meeting_date,target_rate_pct,target_bps,kalshi_bid,kalshi_ask,kalshi_mid_pct,atlfed_prob_pct,spread_pp,kalshi_oi,kalshi_vol_24h
2026-05-27,,2027-04-28,4.25,425,37.0,58.0,47.5,,,2024.14,14.0
2026-05-27,,2027-04-28,4.0,400,19.0,49.0,34.0,,,1851.15,54.0
2026-05-27,,2027-04-28,3.75,375,54.0,56.0,55.0,,,1479.4,29.0
2026-05-27,,2027-04-28,3.5,350,60.0,63.0,61.5,,,2519.69,29.13
2026-05-27,,2027-04-28,3.25,325,54.0,67.0,60.5,,,1753.69,1.0
2026-05-27,,2027-04-28,3.0,300,61.0,64.0,62.5,,,1084.28,23.58
2026-05-27,,2027-04-28,2.75,275,53.0,70.0,61.5,,,904.01,14.0
2026-05-27,,2027-04-28,2.5,250,17.0,89.0,53.0,,,722.34,5.0
2026-05-27,,2027-04-28,2.25,225,41.0,90.0,65.5,,,1025.1,10.0
2026-05-27,,2027-04-28,2.0,200,35.0,82.0,58.5,,,681.0,61.0
2026-05-27,,2027-04-28,1.75,175,37.0,96.0,66.5,,,570.94,19.0
2026-05-27,,2027-04-28,1.5,150,80.0,98.0,89.0,,,733.01,53.0
2026-05-27,,2027-04-28,1.25,125,70.0,98.0,84.0,,,512.43,33.0
2026-05-27,,2027-04-28,1.0,100,65.0,97.0,81.0,,,415.0,4.0
2026-05-27,,2027-04-28,0.75,75,72.0,98.0,85.0,,,935.0,1.0
2026-05-27,,2027-04-28,0.5,50,70.0,100.0,85.0,,,1108.0,0.0
2026-05-27,,2027-04-28,0.25,25,77.0,100.0,88.5,,,717.0,0.0
2026-05-27,,2027-04-28,0.0,0,85.0,100.0,92.5,,,878.0,0.0
2026-05-27,,2027-03-17,4.25,425,14.0,23.0,18.5,26.95,-8.45,843.25,6.0
2026-05-27,,2027-03-17,4.0,400,18.0,27.0,22.5,40.05,-17.55,290.0,0.0
2026-05-27,,2027-03-17,3.75,375,28.0,32.0,30.0,57.81,-27.81,336.0,0.0
2026-05-27,,2027-03-17,3.5,350,34.0,43.0,38.5,74.71,-36.21,337.0,1.0
2026-05-27,,2027-03-17,3.25,325,49.0,58.0,53.5,85.93,-32.43,489.0,0.0
2026-05-27,,2027-03-17,3.0,300,60.0,67.0,63.5,91.75,-28.25,259.01,1.0
2026-05-27,,2027-03-17,2.75,275,70.0,74.0,72.0,94.8,-22.8,288.0,0.0
2026-05-27,,2027-03-17,2.5,250,79.0,87.0,83.0,96.61,-13.61,137.0,0.0
2026-05-27,,2027-03-17,2.25,225,84.0,93.0,88.5,97.63,-9.13,748.06,0.0
2026-05-27,,2027-03-17,2.0,200,86.0,95.0,90.5,98.12,-7.62,662.02,0.0
2026-05-27,,2027-03-17,1.75,175,87.0,96.0,91.5,98.34,-6.84,109.0,0.0
2026-05-27,,2027-03-17,1.5,150,87.0,96.0,91.5,98.49,-6.99,140.0,0.0
2026-05-27,,2027-03-17,1.25,125,88.0,97.0,92.5,98.62,-6.12,275.0,0.0
2026-05-27,,2027-03-17,1.0,100,89.0,98.0,93.5,98.62,-5.12,470.0,0.0
2026-05-27,,2027-03-17,0.75,75,90.0,99.0,94.5,98.62,-4.12,512.0,0.0
2026-05-27,,2027-03-17,0.5,50,90.0,99.0,94.5,98.62,-4.12,167.0,0.0
2026-05-27,,2027-03-17,0.25,25,91.0,100.0,95.5,98.62,-3.12,322.0,0.0
2026-05-27,,2027-03-17,0.0,0,91.0,100.0,95.5,98.62,-3.12,290.0,0.0
2026-05-27,,2027-01-27,4.25,425,3.0,13.0,8.0,,,218.9,0.0
2026-05-27,,2027-01-27,4.0,400,31.0,37.0,34.0,,,509.9,1.0
2026-05-27,,2027-01-27,3.75,375,27.0,55.0,41.0,,,291.21,1.0
2026-05-27,,2027-01-27,3.5,350,31.0,59.0,45.0,,,1053.0,0.0
2026-05-27,,2027-01-27,3.25,325,41.0,72.0,56.5,,,2395.42,0.0
2026-05-27,,2027-01-27,3.0,300,59.0,71.0,65.0,,,1106.99,5.0
2026-05-27,,2027-01-27,2.75,275,71.0,84.0,77.5,,,213.0,0.0
2026-05-27,,2027-01-27,2.5,250,76.0,95.0,85.5,,,274.99,0.0
2026-05-27,,2027-01-27,2.25,225,74.0,90.0,82.0,,,172.0,4.0
2026-05-27,,2027-01-27,2.0,200,58.0,95.0,76.5,,,360.17,1.0
2026-05-27,,2027-01-27,1.75,175,59.0,97.0,78.0,,,172.0,1.0
2026-05-27,,2027-01-27,1.5,150,53.0,97.0,75.0,,,932.51,1.0
2026-05-27,,2027-01-27,1.25,125,85.0,98.0,91.5,,,502.01,1.0
2026-05-27,,2027-01-27,1.0,100,71.0,93.0,82.0,,,324.51,11.0
2026-05-27,,2027-01-27,0.75,75,86.0,97.0,91.5,,,400.0,1.0
2026-05-27,,2027-01-27,0.5,50,68.0,99.0,83.5,,,304.01,1.0
2026-05-27,,2027-01-27,0.25,25,80.0,99.0,89.5,,,338.0,0.0
2026-05-27,,2027-01-27,0.0,0,80.0,99.0,89.5,,,309.1,0.0
2026-05-27,,2026-12-09,5.25,525,1.0,9.0,5.0,,,306.0,0.0
2026-05-27,,2026-12-09,5.0,500,3.0,4.0,3.5,,,125.0,0.0
2026-05-27,,2026-12-09,4.75,475,2.0,10.0,6.0,,,179.0,3.0
2026-05-27,,2026-12-09,4.5,450,2.0,9.0,5.5,,,233.0,0.0
2026-05-27,,2026-12-09,4.25,425,6.0,12.0,9.0,,,525.07,3.0
2026-05-27,,2026-12-09,4.0,400,12.0,29.0,20.5,,,359.0,0.0
2026-05-27,,2026-12-09,3.75,375,17.0,60.0,38.5,,,355.0,1.0
2026-05-27,,2026-12-09,3.5,350,51.0,65.0,58.0,,,11769.32,22.0
2026-05-27,,2026-12-09,3.25,325,67.0,74.0,70.5,,,3370.95,19.01
2026-05-27,,2026-12-09,3.0,300,81.0,86.0,83.5,,,1631.61,1.0
2026-05-27,,2026-12-09,2.75,275,85.0,86.0,85.5,,,4241.85,4.0
2026-05-27,,2026-10-28,5.25,525,0.0,1.0,0.5,,,339.0,1.0
2026-05-27,,2026-10-28,5.0,500,0.0,20.0,10.0,,,24.0,0.0
2026-05-27,,2026-10-28,4.75,475,0.0,4.0,2.0,,,504.0,1.0
2026-05-27,,2026-10-28,4.5,450,4.0,5.0,4.5,,,136.0,0.0
2026-05-27,,2026-10-28,4.25,425,3.0,10.0,6.5,,,11.0,0.0
2026-05-27,,2026-10-28,4.0,400,7.0,23.0,15.0,,,398.01,0.01
2026-05-27,,2026-10-28,3.75,375,8.0,29.0,18.5,,,370.94,0.01
2026-05-27,,2026-10-28,3.5,350,74.0,88.0,81.0,,,2620.15,1.0
2026-05-27,,2026-10-28,3.25,325,78.0,84.0,81.0,,,1752.83,2.0
2026-05-27,,2026-10-28,3.0,300,82.0,97.0,89.5,,,925.0,2.0
2026-05-27,,2026-10-28,2.75,275,83.0,97.0,90.0,,,604.01,0.01
2026-05-27,,2026-09-16,5.25,525,0.0,3.0,1.5,,,159.0,0.0
2026-05-27,,2026-09-16,5.0,500,0.0,3.0,1.5,,,184.0,10.0
2026-05-27,,2026-09-16,4.75,475,2.0,4.0,3.0,1.46,1.54,318.0,20.0
2026-05-27,,2026-09-16,4.5,450,2.0,5.0,3.5,3.05,0.45,702.0,20.0
2026-05-27,,2026-09-16,4.25,425,5.0,6.0,5.5,7.64,-2.14,1573.0,23.0
2026-05-27,,2026-09-16,4.0,400,10.0,16.0,13.0,12.84,0.16,1792.03,9.0
2026-05-27,,2026-09-16,3.75,375,30.0,38.0,34.0,42.93,-8.93,1271.01,0.0
2026-05-27,,2026-09-16,3.5,350,78.0,91.0,84.5,92.48,-7.98,5276.93,14.0
2026-05-27,,2026-09-16,3.25,325,88.0,94.0,91.0,98.21,-7.21,1578.43,1.0
2026-05-27,,2026-09-16,3.0,300,90.0,97.0,93.5,98.64,-5.14,2356.0,1.0
2026-05-27,,2026-09-16,2.75,275,93.0,98.0,95.5,98.64,-3.14,2704.0,1.0
2026-05-27,,2026-06-17,5.25,525,0.0,1.0,0.5,,,766.0,1.0
2026-05-27,,2026-06-17,5.0,500,0.0,1.0,0.5,,,1962.0,0.0
2026-05-27,,2026-06-17,4.75,475,0.0,1.0,0.5,,,1674.03,1.0
2026-05-27,,2026-06-17,4.5,450,0.0,1.0,0.5,,,6145.95,1.0
2026-05-27,,2026-06-17,4.25,425,0.0,1.0,0.5,,,6400.73,25.0
2026-05-27,,2026-06-17,4.0,400,0.0,1.0,0.5,2.27,-1.77,79798.78,90.75
2026-05-27,,2026-06-17,3.75,375,2.0,3.0,2.5,6.68,-4.18,828339.52,94083.27
2026-05-27,,2026-06-17,3.5,350,96.0,97.0,96.5,98.68,-2.18,44751.09,1348.55
2026-05-27,,2026-06-17,3.25,325,99.0,100.0,99.5,98.68,0.82,75605.67,20000.0
2026-05-27,,2026-06-17,3.0,300,99.0,100.0,99.5,98.68,0.82,3344.94,0.0
2026-05-27,,2026-06-17,2.75,275,99.0,100.0,99.5,98.68,0.82,47782.17,0.0
2026-05-27,,2026-07-29,5.25,525,0.0,2.0,1.0,,,910.0,0.0
2026-05-27,,2026-07-29,5.0,500,0.0,2.0,1.0,,,87.0,6.0
2026-05-27,,2026-07-29,4.75,475,0.0,2.0,1.0,,,202.0,0.0
2026-05-27,,2026-07-29,4.5,450,1.0,3.0,2.0,,,1908.0,0.0
2026-05-27,,2026-07-29,4.25,425,1.0,2.0,1.5,,,216.21,0.0
2026-05-27,,2026-07-29,4.0,400,2.0,5.0,3.5,,,1324.0,0.0
2026-05-27,,2026-07-29,3.75,375,5.0,14.0,9.5,,,8831.75,115.0
2026-05-27,,2026-07-29,3.5,350,91.0,93.0,92.0,,,10849.51,8.0
2026-05-27,,2026-07-29,3.25,325,93.0,96.0,94.5,,,7422.31,1.0
2026-05-27,,2026-07-29,3.0,300,96.0,98.0,97.0,,,2937.0,0.0
2026-05-27,,2026-07-29,2.75,275,98.0,99.0,98.5,,,277.0,0.0
2026-05-28,2026-05-26,2027-04-28,4.25,425,28.999999999999996,74.0,51.5,,,2008.14,27.0
2026-05-28,2026-05-26,2027-04-28,4.0,400,35.0,71.0,53.0,,,1853.15,65.0
2026-05-28,2026-05-26,2027-04-28,3.75,375,56.00000000000001,68.0,62.000000000000014,,,1479.4,29.0
2026-05-28,2026-05-26,2027-04-28,3.5,350,52.0,78.0,65.0,,,2533.69,53.13
2026-05-28,2026-05-26,2027-04-28,3.25,325,56.99999999999999,66.0,61.5,,,1753.69,15.0
2026-05-28,2026-05-26,2027-04-28,3.0,300,55.00000000000001,57.99999999999999,56.49999999999999,,,1037.28,64.58
2026-05-28,2026-05-26,2027-04-28,2.75,275,53.0,70.0,61.5,,,904.01,5.0
2026-05-28,2026-05-26,2027-04-28,2.5,250,17.0,89.0,53.0,,,722.34,4.0
2026-05-28,2026-05-26,2027-04-28,2.25,225,32.0,96.0,64.0,,,1025.1,6.0
2026-05-28,2026-05-26,2027-04-28,2.0,200,34.0,94.0,64.0,,,681.0,51.0
2026-05-28,2026-05-26,2027-04-28,1.75,175,49.0,96.0,72.5,,,570.94,17.0
2026-05-28,2026-05-26,2027-04-28,1.5,150,60.0,97.0,78.49999999999999,,,733.01,46.0
2026-05-28,2026-05-26,2027-04-28,1.25,125,70.0,84.0,77.0,,,512.43,21.0
2026-05-28,2026-05-26,2027-04-28,1.0,100,65.0,97.0,81.0,,,415.0,4.0
2026-05-28,2026-05-26,2027-04-28,0.75,75,72.0,98.0,85.0,,,935.0,0.0
2026-05-28,2026-05-26,2027-04-28,0.5,50,70.0,100.0,85.0,,,1108.0,0.0
2026-05-28,2026-05-26,2027-04-28,0.25,25,77.0,100.0,88.5,,,717.0,0.0
2026-05-28,2026-05-26,2027-03-17,4.25,425,14.000000000000002,23.0,18.5,26.05521104220844,-7.555211042208441,843.25,6.0
2026-05-28,2026-05-26,2027-03-17,4.0,400,18.0,27.0,22.5,39.75795159031807,-17.257951590318072,290.0,0.0
2026-05-28,2026-05-26,2027-03-17,3.75,375,28.000000000000004,32.0,30.000000000000004,58.331666333266654,-28.33166633326665,336.0,0.0
2026-05-28,2026-05-26,2027-03-17,3.5,350,34.0,43.0,38.5,76.01520304060814,-37.51520304060814,337.0,0.0
2026-05-28,2026-05-26,2027-03-17,3.25,325,49.0,57.99999999999999,53.49999999999999,87.75755151030206,-34.25755151030207,489.0,0.0
2026-05-28,2026-05-26,2027-03-17,3.0,300,60.0,67.0,63.5,93.8487697539508,-30.348769753950805,259.01,1.0
2026-05-28,2026-05-26,2027-03-17,2.75,275,71.0,78.0,74.5,97.03940788157632,-22.539407881576324,287.0,3.0
2026-05-28,2026-05-26,2027-03-17,2.5,250,79.0,87.0,83.0,98.93978795759153,-15.939787957591534,137.0,0.0
2026-05-28,2026-05-26,2027-03-17,2.25,225,84.0,93.0,88.5,100.0,-11.5,748.06,0.0
2026-05-28,2026-05-26,2027-03-17,2.0,200,86.0,95.0,90.5,100.0,-9.5,662.02,0.0
2026-05-28,2026-05-26,2027-03-17,1.75,175,87.0,96.0,91.5,100.0,-8.5,109.0,0.0
2026-05-28,2026-05-26,2027-03-17,1.5,150,87.0,96.0,91.5,100.0,-8.5,140.0,0.0
2026-05-28,2026-05-26,2027-03-17,1.25,125,88.0,97.0,92.5,100.0,-7.5,275.0,0.0
2026-05-28,2026-05-26,2027-03-17,1.0,100,89.0,98.0,93.5,100.0,-6.5,470.0,0.0
2026-05-28,2026-05-26,2027-03-17,0.75,75,90.0,99.0,94.5,100.0,-5.5,512.0,0.0
2026-05-28,2026-05-26,2027-03-17,0.5,50,90.0,99.0,94.5,100.0,-5.5,167.0,0.0
2026-05-28,2026-05-26,2027-03-17,0.25,25,91.0,100.0,95.5,100.0,-4.5,322.0,0.0
2026-05-28,2026-05-26,2027-01-27,4.25,425,3.0,10.0,6.5,,,218.9,0.0
2026-05-28,2026-05-26,2027-01-27,4.0,400,31.0,37.0,34.0,,,509.9,1.0
2026-05-28,2026-05-26,2027-01-27,3.75,375,36.0,55.00000000000001,45.5,,,291.21,1.0
2026-05-28,2026-05-26,2027-01-27,3.5,350,31.0,60.0,45.49999999999999,,,1053.0,0.0
2026-05-28,2026-05-26,2027-01-27,3.25,325,43.0,72.0,57.49999999999999,,,2395.42,0.0
2026-05-28,2026-05-26,2027-01-27,3.0,300,67.0,72.0,69.5,,,1106.99,5.45
2026-05-28,2026-05-26,2027-01-27,2.75,275,71.0,84.0,77.49999999999999,,,213.0,0.0
2026-05-28,2026-05-26,2027-01-27,2.5,250,76.0,93.0,84.5,,,274.99,0.0
2026-05-28,2026-05-26,2027-01-27,2.25,225,74.0,90.0,82.0,,,172.0,0.0
2026-05-28,2026-05-26,2027-01-27,2.0,200,57.99999999999999,95.0,76.49999999999999,,,360.17,0.0
2026-05-28,2026-05-26,2027-01-27,1.75,175,59.0,97.0,78.0,,,172.0,0.0
2026-05-28,2026-05-26,2027-01-27,1.5,150,53.0,97.0,75.0,,,932.51,0.0
2026-05-28,2026-05-26,2027-01-27,1.25,125,88.0,94.0,90.99999999999999,,,502.01,0.0
2026-05-28,2026-05-26,2027-01-27,1.0,100,71.0,93.0,82.0,,,324.51,11.0
2026-05-28,2026-05-26,2027-01-27,0.75,75,86.0,97.0,91.5,,,400.0,0.0
2026-05-28,2026-05-26,2027-01-27,0.5,50,69.0,99.0,84.0,,,304.01,0.0
2026-05-28,2026-05-26,2027-01-27,0.25,25,80.0,99.0,89.5,,,338.0,0.0
2026-05-28,2026-05-26,2026-12-09,5.25,525,1.0,11.0,6.0,,,306.0,0.0
2026-05-28,2026-05-26,2026-12-09,5.0,500,3.0,9.0,6.0,,,125.0,0.0
2026-05-28,2026-05-26,2026-12-09,4.75,475,2.0,10.0,6.000000000000001,,,179.0,0.0
2026-05-28,2026-05-26,2026-12-09,4.5,450,2.0,9.0,5.5,,,233.0,0.0
2026-05-28,2026-05-26,2026-12-09,4.25,425,6.0,12.0,9.0,,,525.07,0.0
2026-05-28,2026-05-26,2026-12-09,4.0,400,12.0,28.999999999999996,20.5,,,359.0,0.0
2026-05-28,2026-05-26,2026-12-09,3.75,375,18.0,60.0,39.0,,,355.0,1.0
2026-05-28,2026-05-26,2026-12-09,3.5,350,56.00000000000001,65.0,60.5,,,11769.32,0.0
2026-05-28,2026-05-26,2026-12-09,3.25,325,67.0,74.0,70.5,,,3370.95,15.0
2026-05-28,2026-05-26,2026-12-09,3.0,300,81.0,86.0,83.5,,,1631.61,0.0
2026-05-28,2026-05-26,2026-12-09,2.75,275,85.0,86.0,85.5,,,4241.85,4.0
2026-05-28,2026-05-26,2026-10-28,5.25,525,0.0,1.0,0.5,,,339.0,1.0
2026-05-28,2026-05-26,2026-10-28,5.0,500,0.0,20.0,10.0,,,24.0,0.0
2026-05-28,2026-05-26,2026-10-28,4.75,475,0.0,4.0,2.0,,,504.0,0.0
2026-05-28,2026-05-26,2026-10-28,4.5,450,4.0,5.0,4.5,,,136.0,0.0
2026-05-28,2026-05-26,2026-10-28,4.25,425,3.0,10.0,6.5,,,11.0,0.0
2026-05-28,2026-05-26,2026-10-28,4.0,400,7.000000000000001,23.0,15.000000000000002,,,398.01,0.01
2026-05-28,2026-05-26,2026-10-28,3.75,375,8.0,28.999999999999996,18.5,,,370.94,0.01
2026-05-28,2026-05-26,2026-10-28,3.5,350,74.0,83.0,78.49999999999999,,,2620.15,0.0
2026-05-28,2026-05-26,2026-10-28,3.25,325,78.0,82.0,80.0,,,1755.83,4.0
2026-05-28,2026-05-26,2026-10-28,3.0,300,81.0,98.0,89.5,,,925.0,1.0
2026-05-28,2026-05-26,2026-10-28,2.75,275,83.0,97.0,89.99999999999999,,,604.01,0.0
2026-05-28,2026-05-26,2026-09-16,5.25,525,0.0,3.0,1.5,,,159.0,0.0
2026-05-28,2026-05-26,2026-09-16,5.0,500,0.0,3.0,1.5,,,184.0,10.0
2026-05-28,2026-05-26,2026-09-16,4.75,475,2.0,4.0,3.0,,,318.0,20.0
2026-05-28,2026-05-26,2026-09-16,4.5,450,2.0,4.0,3.0,1.64016401640164,1.35983598359836,702.0,20.0
2026-05-28,2026-05-26,2026-09-16,4.25,425,5.0,6.0,5.5,6.380638063806381,-0.8806380638063809,1573.0,20.0
2026-05-28,2026-05-26,2026-09-16,4.0,400,10.0,16.0,13.0,11.75117511751175,1.2488248824882504,1792.03,0.0
2026-05-28,2026-05-26,2026-09-16,3.75,375,30.0,38.0,34.0,42.86428642864286,-8.864286428642863,1271.01,0.0
2026-05-28,2026-05-26,2026-09-16,3.5,350,79.0,90.0,84.5,94.07940794079407,-9.57940794079407,5276.93,14.0
2026-05-28,2026-05-26,2026-09-16,3.25,325,88.0,94.0,90.99999999999999,100.0,-9.000000000000014,1578.43,1.0
2026-05-28,2026-05-26,2026-09-16,3.0,300,90.0,97.0,93.5,100.0,-6.5,2356.0,0.0
2026-05-28,2026-05-26,2026-09-16,2.75,275,94.0,98.0,96.0,100.0,-4.0,2704.0,0.0
2026-05-28,2026-05-26,2026-06-17,5.25,525,0.0,1.0,0.5,,,766.0,1.0
2026-05-28,2026-05-26,2026-06-17,5.0,500,0.0,1.0,0.5,,,1962.0,0.0
2026-05-28,2026-05-26,2026-06-17,4.75,475,0.0,1.0,0.5,,,1674.03,0.0
2026-05-28,2026-05-26,2026-06-17,4.5,450,0.0,1.0,0.5,,,6145.95,0.0
2026-05-28,2026-05-26,2026-06-17,4.25,425,0.0,1.0,0.5,,,6400.73,0.0
2026-05-28,2026-05-26,2026-06-17,4.0,400,0.0,1.0,0.5,,,79798.78,0.0
2026-05-28,2026-05-26,2026-06-17,3.75,375,2.0,3.0,2.5,4.58,-2.08,851703.28,107998.4
2026-05-28,2026-05-26,2026-06-17,3.5,350,96.0,97.0,96.5,100.0,-3.5,45641.26,2981.26
2026-05-28,2026-05-26,2026-06-17,3.25,325,99.0,100.0,99.5,100.0,-0.5,75605.67,0.0
2026-05-28,2026-05-26,2026-06-17,3.0,300,99.0,100.0,99.5,100.0,-0.5,3344.94,0.0
2026-05-28,2026-05-26,2026-06-17,2.75,275,99.0,100.0,99.5,100.0,-0.5,47782.17,0.0
2026-05-28,2026-05-26,2026-07-29,5.25,525,0.0,2.0,1.0,,,910.0,0.0
2026-05-28,2026-05-26,2026-07-29,5.0,500,0.0,2.0,1.0,,,87.0,0.0
2026-05-28,2026-05-26,2026-07-29,4.75,475,0.0,2.0,1.0,,,202.0,0.0
2026-05-28,2026-05-26,2026-07-29,4.5,450,1.0,3.0,2.0,,,1908.0,0.0
2026-05-28,2026-05-26,2026-07-29,4.25,425,1.0,2.0,1.5,,,216.21,0.0
2026-05-28,2026-05-26,2026-07-29,4.0,400,2.0,5.0,3.5000000000000004,,,1324.0,0.0
2026-05-28,2026-05-26,2026-07-29,3.75,375,5.0,14.000000000000002,9.5,,,8831.75,115.0
2026-05-28,2026-05-26,2026-07-29,3.5,350,91.0,93.0,92.0,,,10849.51,8.0
2026-05-28,2026-05-26,2026-07-29,3.25,325,93.0,96.0,94.5,,,7422.31,1.0
2026-05-28,2026-05-26,2026-07-29,3.0,300,96.0,98.0,97.0,,,2937.0,0.0
2026-05-28,2026-05-26,2026-07-29,2.75,275,98.0,99.0,98.5,,,277.0,0.0
